#;Priorité;Nom;Adresse;CP;Ville;Tél;E-mail;Site;Spécialité / activité;Raison sociale;SIREN;NAF;Effectif;Création;Dirigeant;Source;Statut;Notes
1;A;Distristar;17-19 rue Eugène Hénaff;93000;Bobigny;01 48 91 04 64;info@distristar.com;https://www.distristar.com;Grossiste alimentation afro + cosmétique afro;;;;;;;Site officiel distristar.com;À contacter;
2;A;GMAX France;17 rue Arago;93000;Bobigny;07 62 79 39 87;gmax.france@gmail.com;https://gmaxfrance.netlify.app;Grossiste alimentaire (vente aux professionnels, ouverture de compte pro);;;;;;;Site officiel;À contacter;Lun–sam 8h–18h.
3;A;Racines SA (entrepôt Montreuil);ZI Mozinor, 2 av. du Président Salvador Allende, lot 9;93100;Montreuil;01 48 70 02 86;contact@racines-sa.com;https://www.racines-sa.com;Import-distribution produits alimentaires ethniques (Afrique, océan Indien) — depuis 1987;;342405370;;;1987;;Annuaire Mozinor + Kompass;À contacter;SIRET 342 405 370 00053. Siège Montpellier, logistique Europe à Montreuil.
4;A;Haudecoeur;60 rue Émile Zola;93120;La Courneuve;01 48 11 15 55;commande@haudecoeur.fr;https://www.haudecoeur.fr;Grossiste-industriel épicerie du monde : riz, légumes secs, farines/fécules, conserves, produits Maghreb/Asie;;;;;;;Site officiel;À contacter;Commandes par tél/mail, enlèvement sur place.
5;A;Youmbi Company / Exotique Pro;1 avenue Louis Blériot;93120;La Courneuve;07 66 85 54 63;exotiqueprocommande@gmail.com;https://exotiquepro.fr;Grossiste pro 100 % africain : poissons (courbine, thiof, chinchard), bières africaines, manioc, djakhatou, thon garba — catalogue en ligne prix HT;;;;;;;Site officiel exotiquepro.fr + Europages;À contacter;
6;A;Tai Yat Distribution;24-28 avenue Albert Einstein;93150;Le Blanc-Mesnil;01 39 93 61 19;contact@taiyat.fr;https://www.taiyat.fr;Importateur-grossiste produits africains & asiatiques (frais, surgelés, épicerie, boissons) — entrepôt 2 500 m², call & collect, livraison;;443695598;;;2002;;Site officiel taiyat.fr;À contacter;SIREN 443 695 598 (RCS Bobigny). Acteur majeur — cible prioritaire marketplace.
7;A;Soeximex;31-33 rue Pleyel;93200;Saint-Denis;01 48 13 74 74;;https://www.soeximex.com;Import-export alimentaire vers/depuis l'Afrique depuis 1963 (47 salariés);;632029609;;;1963;;PagesJaunes + Kompass;À contacter;SIREN 632 029 609. Standard alternatif 01 48 13 14 21. Plutôt export : à qualifier.
8;A;Rak & Spa Services;10 rue Germain Planque;93600;Aulnay-sous-Bois;06 20 79 94 10;contact@raketspa.com;https://www.raketspaservices.com;Distributeur produits alimentaires africains (marques Peak, Family Elephant…);;;;;;;Site officiel;À contacter;Commercial province : 06 25 98 37 24.
9;A;888 Fruit Company;Bât. G5B, 5 RUE DE LA CORDERIE;94150;Rungis;01 45 60 36 40;info@888fruitcompany.com;;Grossiste MIN de Rungis — Banane Plantain, Igname, Manioc, Noix De Coco;;;;;;;Annuaire Rungis International (https://www.rungisinternational.com/entreprise/2126-888-fruit-company);À contacter;Clientèle : Commerce de gros, Cash and carry
10;A;Celina Exotiques;MIN de Rungis;94150;Rungis;07 60 75 96 50;;;Grossiste produits exotiques;;;;;;;PagesJaunes;À contacter;Fixe 01 45 12 02 90. Adresse précise à confirmer.
11;A;Europe China;Bât. D6C, 65 RUE DE ROUEN;94150;Rungis;06 99 86 20 09;sarleuropechina@hotmail.com;http://aucun.com;Grossiste MIN de Rungis — Ananas, Banane Plantain, Noix De Coco, Produits Surgelés;;;;;;;Annuaire Rungis International (https://www.rungisinternational.com/entreprise/4547-europe-china);À contacter;Clientèle : Restauration commerciale, Restauration collective, Commerce de détail alimentaire, Traiteurs
12;A;Exofoods;Bât. E5, 66 AVENUE DE NORMANDIE;94150;Rungis;06 38 74 92 73;exofoods.rungis@gmail.com;http://www.exofoods-rungis.fr;Grossiste MIN de Rungis — Attiéké, Banane Plantain, Banane Verte, Bananes, Gingembre, Igname, Manioc, Patate Douce Blanche;;;;;;;Annuaire Rungis International (https://www.rungisinternational.com/entreprise/5465-exofoods);À contacter;Clientèle : Commerce de gros
13;A;S-R Asvi Exotique;28 avenue du 8 Mai 1945;94260;Fresnes;09 63 66 90 99;;;Alimentation exotique (gros/demi-gros);;;;;;;PagesJaunes;À contacter;
14;A;Sai Vitry Exotique;2 avenue Anatole France;94400;Vitry-sur-Seine;01 49 84 21 21;;;Alimentation exotique (gros/demi-gros);;;;;;;PagesJaunes;À contacter;
15;A;Abcd De Lexotique;Bât. A3, 57 AVENUE DE BOURGOGNE;94550;Chevilly-Larue;01 46 87 21 32;thomas@bananier.com;http://www.bananier.com;Grossiste MIN de Rungis — Arachide, Avocat Créole, Banane Equitable, Banane Plantain, Banane Verte, Igname, Manioc, Pâte De Manioc;;;;;;;Annuaire Rungis International (https://www.rungisinternational.com/entreprise/231-abcd-de-lexotique);À contacter;Clientèle : Restauration commerciale, Restauration collective, GMS, Commerce de détail alimentaire
16;A;Ba Distribution;Bât. E3, 78 RUE DE CARPENTRAS;94550;Chevilly-Larue;07 52 44 70 06;badistributionrungise3@gmail.com;;Grossiste MIN de Rungis — Banane Plantain;;;;;;;Annuaire Rungis International (https://www.rungisinternational.com/entreprise/5842-ba-distribution);À contacter;Clientèle : Autres
17;A;Banagrumes Sas;Bât. D2, 5 RUE DE MONTPELLIER;94550;Chevilly-Larue;01 45 12 28 40;banagrumes@banagrumes.com;https://www.banagrumes.com;Grossiste MIN de Rungis — Ananas, Ananas Extra Sweet, Ananas Pain De Sucre, Ananas Victoria, Avocat Cocktail, Avocat Tropical, Avocats, Avocats hass;;;;;;;Annuaire Rungis International (https://www.rungisinternational.com/entreprise/533-banagrumes-sas);À contacter;Clientèle : Restauration commerciale, Restauration collective, GMS, Commerce de détail alimentaire
18;A;Drevin Exotics Soc Nouvelle;Bât. G5B, 2 RUE DU LANGUEDOC;94550;Chevilly-Larue;01 45 60 70 80;franck@drevinexotics.com;http://www.drevin-exotics.com;Grossiste MIN de Rungis — Avocat Tropical, Gingembre, Manioc;;;;;;;Annuaire Rungis International (https://www.rungisinternational.com/entreprise/71-drevin-exotics-soc-nouvelle);À contacter;Clientèle : Commerce de gros
19;A;Exo 3 Sarl;Bât. E3, 110 AVENUE DE BRETAGNE;94550;Chevilly-Larue;01 45 60 43 20;exo3@gmail.com;http://exotrois.com/;Grossiste MIN de Rungis — Avocat Tropical, Banane Plantain, Bière De Gingembre, Gingembre, Igname, Manioc, Piment;;;;;;;Annuaire Rungis International (https://www.rungisinternational.com/entreprise/3466-exo3-sarl);À contacter;Clientèle : Restauration commerciale, GMS, Commerce de détail alimentaire, Marchés forains
20;A;Exo-Ser;;94550;Chevilly-Larue (MIN Rungis);01 45 60 02 55;exo-ser@orange.fr;;Grossiste MIN de Rungis — Ananas Extra Sweet, Ananas Pain De Sucre, Ananas Victoria, Avocat Cocktail, Avocat Tropical, Banane Plantain, Gingembre, Igname;;;;;;;Annuaire Rungis International (https://www.rungisinternational.com/entreprise/4032-exo-ser);À contacter;Clientèle : Restauration collective, GMS, Commerce de gros
21;A;Exotica;Bât. E4, 63 RUE DE LILLE;94550;Chevilly-Larue;09 67 31 62 61;olivier@exotica-rungis.fr;https://www.exotica-rungis.fr;Grossiste MIN de Rungis — Avocat Tropical, Banane Plantain, Banane Verte, Gingembre, Igname, Manioc, Piment, Riz;;803046176;;;;Olivier Tosent;Annuaire Rungis International (https://www.rungisinternational.com/entreprise/4771-exotica);À contacter;Clientèle : Restauration commerciale, Commerce de détail alimentaire, Commerce de gros, Cash and carry
22;A;Lliso Freres Bananes Fruits Primeurs;Bât. A3, 16 RUE D'ANGERS;94550;Chevilly-Larue;01 56 70 22 37;germain.letierce@produfrais.fr;http://www.lliso-freres.com;Grossiste MIN de Rungis — Banane Verte, Bananes, Bananes antillaises, Bananes frécinettes, Bananes plantains;;;;;;;Annuaire Rungis International (https://www.rungisinternational.com/entreprise/518-lliso-freres-bananes-fruits-primeurs);À contacter;Clientèle : Restauration commerciale, Restauration collective, GMS, Commerce de détail alimentaire
23;A;Maceo - La Maison Creole;;94550;Chevilly-Larue (MIN Rungis);01 56 70 10 30;distribution@maceo-groupe.fr;http://www.maceo-groupe.fr;Grossiste MIN de Rungis — Banane Plantain;;;;;;;Annuaire Rungis International (https://www.rungisinternational.com/entreprise/73-maceo-la-maison-creole);À contacter;Clientèle : Restauration commerciale, Restauration collective, GMS, Commerce de détail alimentaire
24;A;Maceo Tradition;Bât. E4, 15 RUE DE LILLE;94550;Chevilly-Larue;01 56 70 10 30;r.dereynal@maceo-groupe.fr;http://www.maceo-groupe.fr;Grossiste MIN de Rungis — Banane Plantain;"MACEO TRADITION (MACEO TRADITION ; MAXI SEC ; LA MAISON CREOLE)";834258485;46.39B;20-49;2017;ETIENNE CATRY;Annuaire Rungis International (https://www.rungisinternational.com/entreprise/5299-maceo-tradition);À contacter;
25;A;Murantilles;;94550;Chevilly-Larue (MIN Rungis);01 45 12 34 70;o.decet@fruidor.fr;;Grossiste MIN de Rungis — Le marché est divisé en secteurs. Vous souhaitez vous implanter ? Nos commerciaux sont là ;;;;;;;Annuaire Rungis International (https://www.rungisinternational.com/entreprise/5548-murantilles);À contacter;
26;A;Primouest Impex;38 rue de Montpellier (MIN Rungis);94550;Rungis;01 46 87 56 73;;https://www.primouest.com;Importateur fruits exotiques (MIN Rungis);;;;;;;Site officiel;À contacter;
27;A;Psl France Sas;Bât. C3, 25 RUE DE TOULOUSE;94550;Chevilly-Larue;01 49 79 09 40;geoffroy@pslfrance.fr;;Grossiste MIN de Rungis — Ananas Cayenne Lisse, Ananas Victoria, Gingembre, Igname, Manioc, Piment;;;;;;;Annuaire Rungis International (https://www.rungisinternational.com/entreprise/3189-psl-france-sas);À contacter;Clientèle : Commerce de gros, Cash and carry
28;A;Royal Exo;Bât. E3, 50 AVENUE DE BRETAGNE;94550;Chevilly-Larue;01 46 86 32 26;royal_exo@yahoo.fr;;Grossiste MIN de Rungis — Ananas, Avocat Tropical, Manioc, Patate Douce Blanche, Patate Douce Jaune, Piment;;;;;;;Annuaire Rungis International (https://www.rungisinternational.com/entreprise/4333-royal-exo);À contacter;Clientèle : Restauration commerciale, GMS, Commerce de détail alimentaire, Marchés forains
29;A;Tropic Island;Bât. E4, 37 RUE DE LILLE;94550;Chevilly-Larue;01 56 70 08 68;a.giannakidis@tropic-island.fr;http://www.tropic-island.fr/;Grossiste MIN de Rungis — Dachine, Gingembre, Igname, Manioc, Piment, Poissons Salés, Poissons Séchés, Produits Ethniques Africains;TROPIC ISLAND;477577563;46.31Z;20-49;2004;ERIC BECHU;Annuaire Rungis International (https://www.rungisinternational.com/entreprise/5122-tropic-island);À contacter;Clientèle : Commerce de détail alimentaire, Marchés forains, Commerce de gros, Cash and carry
30;A;Tropica;Bât. E4, 37 RUE DE LILLE;94550;Chevilly-Larue;06 11 61 19 24;contact.tropicarungis@gmail.com;;Grossiste MIN de Rungis — Bananes plantains, Gombos, Manioc;;;;;;;Annuaire Rungis International (https://www.rungisinternational.com/entreprise/5802-tropica);À contacter;Clientèle : GMS, Commerce de détail alimentaire, Bouchers charcutiers, Traiteurs
31;A;J and J Marché Exotique;Bât. 2, 21 rue Demanieux;94600;Choisy-le-Roi;09 61 38 56 08;;;Marché exotique / fournitures commerces alimentaires;;;;;;;PagesJaunes;À contacter;Autre n° : 01 48 99 91 68.
32;A;Annai Marché Exotique;1 rue Georges Lebigot;94800;Villejuif;01 43 90 03 28;;;Supermarché exotique (demi-gros);;;;;;;PagesJaunes;À contacter;
33;A;Générale Exotique — RR Alimentation;47 boulevard Maxime Gorki;94800;Villejuif;09 52 29 79 03;;;Alimentation exotique (gros/demi-gros);;;;;;;PagesJaunes;À contacter;
34;A;AFD44 — African Food & Drink;47 rue Vivienne;75002;Paris;06 27 58 83 85;contact@afd44.fr;https://afd44.fr;Grossiste produits alimentaires africains (+290 réf. : épicerie sèche, boissons, surgelés, frais) — compte pro, livraison France/Europe;;;;;;;Site officiel afd44.fr;À contacter;SIRET 102 509 726 00018. Jeune société (2026).
35;A;VT Cash & Carry;11-15 rue Cail;75010;Paris;01 40 05 07 18;;;Cash & carry produits importés (quartier La Chapelle) — coco râpé, épicerie exotique;;;;;;;Mappy / Yelp;À contacter;Ouvert mar–sam 9h–21h.
36;A;Mary Exotik;11 allée d'Andrézieux;75018;Paris;06 22 49 82 60;maryexotik@gmail.com;https://maryexotik.com;Fournisseur produits africains en gros pour restaurants/épiceries/traiteurs (attiéké, placali, poisson fumé, légumes africains);;;;;;;Site officiel maryexotik.com;À contacter;2e tél : 06 24 77 84 05. Livraison gratuite dès 150 €.
37;A;Miamland;14 rue de Lamirault;77090;Collégien;09 70 79 24 81;contact@miamland.com;https://www.miamland.com;Grossiste en ligne produits Afrique/exotiques/orientaux pour pros & particuliers — livraison toute l'IDF;;;;;;;Site officiel;À contacter;Mobile 06 72 40 90 24.
38;A;Seneafood;60 route Principale du Port;92230;Gennevilliers;01 80 88 22 59;;https://seneafood.com;Fabricant-importateur produits africains (pâtes de piment, bissap, fonio, thiakry, pâte d'arachide, fruits exotiques) — 20–49 salariés;;;;;;;Europages + site officiel;À contacter;Créée 2015.
39;A;Africa Food;2 avenue Henri Barbusse;93000;Bobigny;;;;"Grossiste alimentaire spécialisé (NAF 46.38B) — gros & demi-gros produits alimentaires ; dépôt secondaire 21 rue de Rouen, Le Blanc-Mesnil";AFRICA FOOD (MONDISTRIB);378186530;46.38B;3-5;1990;HELMI LAJILI;societe.com / SIRENE;À contacter;SIREN 378 186 530, créée 1990/1997, 3–5 salariés. Téléphone non publié : passer sur place.
40;A;Danton Exotic;La Courneuve (siège, NAF 46.90Z);93120;La Courneuve;;;;Négoce produits exotiques — 10–19 salariés;DANTON EXOTIC;534721360;46.90Z;20-49;2011;BERNARD BENAIS;SIRENE;À contacter;Créée 2011. Coordonnées à compléter.
41;A;Gnanam Exo;Aubervilliers (siège, NAF 46.90Z);93300;Aubervilliers;;;;Négoce produits exotiques — 10–19 salariés;GNANAM EXOTIQUE (GNANAM EXO);810542456;46.90Z;20-49;2015;FEHD AWAD;SIRENE;À contacter;Créée 2015. Coordonnées à compléter.
42;B;Exo Afro Evry;7 Rue Du Progres;93100;Montreuil;;;;Grossiste alimentaire non spécialisé (NAF 46.39B);EXO AFRO EVRY;109511816;46.39B;;2026;ARSENE HERMANN TANKEU;SIRENE (recherche-entreprises.api.gouv.fr);À contacter;
43;B;Mali Distribution;54 Rue Des Sorins 127 Boulevard De Chanzy;93100;Montreuil;;;;Grossiste boissons (NAF 46.34Z);H.D. BON VIN;397916677;46.34Z;;1994;;SIRENE (recherche-entreprises.api.gouv.fr);À contacter;
44;B;O'Bon Produits Exotiques;64 Avenue Du President Wilson;93100;Montreuil;;;;Grossiste fruits & légumes (NAF 46.31Z);VOSO GOTRE;839845567;46.31Z;;2018;VOSO OLGA GOTRE;SIRENE (recherche-entreprises.api.gouv.fr);À contacter;
45;B;Sid Exotique;9 Place Carnot;93110;Rosny-Sous-Bois;;;;Grossiste alimentaire non spécialisé (NAF 46.39B);SID EXOTIQUE;102649589;46.39B;;2026;DOUSSOU SIDIBE;SIRENE (recherche-entreprises.api.gouv.fr);À contacter;
46;B;Nensuka - Saveurs Du Congo;45 Avenue Des Sciences;93140;Bondy;;;;Grossiste alimentaire non spécialisé (NAF 46.39B);VIRGINIE GOMES (GOMES) (NENSUKA);945405736;46.39B;;2025;VIRGINIE NENSUKA GOMES (GOMES);SIRENE (recherche-entreprises.api.gouv.fr);À contacter;
47;B;Emad Exotic;6 Avenue Marcel Legrand;93150;Le Blanc-Mesnil;;;;Grossiste alimentaire spécialisé (NAF 46.38B);EMAD EXOTIC;941272676;46.38B;;2025;MEDOUNE FALL;SIRENE (recherche-entreprises.api.gouv.fr);À contacter;
48;B;Karidja Diomande (Afrique Ivoire);3 Allee Des Hautes Herbes;93160;Noisy-Le-Grand;;;;Grossiste alimentaire non spécialisé (NAF 46.39B);KARIDJA DIOMANDE (AFRIQUE IVOIRE);824567556;46.39B;;2017;KARIDJA DIOMANDE;SIRENE (recherche-entreprises.api.gouv.fr);À contacter;
49;B;Lenda Exotique;16 Allee Du Val Fleuri;93160;Noisy-Le-Grand;;;;Grossiste alimentaire non spécialisé (NAF 46.39B);LENDA EXOTIQUE;894060276;46.39B;;2021;GOSETTE MAKI LENDA;SIRENE (recherche-entreprises.api.gouv.fr);À contacter;
50;B;Ravi Exotic;30 Rue Georges Clemenceau;93190;Livry-Gargan;;;;Grossiste fruits & légumes (NAF 46.31Z);RAVI EXOTIC;939119251;46.31Z;;2025;MADUMITHAN RAVEENDRAN;SIRENE (recherche-entreprises.api.gouv.fr);À contacter;
51;B;Sultan Exotic;13 Rue De La Poterie;93200;Saint-Denis;;;;Grossiste alimentaire non spécialisé (NAF 46.39B);SULTAN EXOTIC;892180100;46.39B;6-9;2020;IMRAN ARSHAD SAKINA;SIRENE (recherche-entreprises.api.gouv.fr);À contacter;
52;B;Terre Fertile De Cote D Ivoire;8-10 8 Rue Des Bles;93210;Saint-Denis;;;;Grossiste fruits & légumes (NAF 46.31Z);TERRE FERTILE DE COTE D IVOIRE;513626911;46.31Z;;2009;ANGHORA BONY;SIRENE (recherche-entreprises.api.gouv.fr);À contacter;
53;B;Terra Green Exotic Foods;Batiment B - 26 Boulevard D'Aulnay;93250;Villemomble;;;;Grossiste fruits & légumes (NAF 46.31Z);TERRA GREEN EXOTIC FOODS;998984538;46.31Z;;2025;BINTA DIEBAKHATE (BADJI);SIRENE (recherche-entreprises.api.gouv.fr);À contacter;
54;B;Aminata Camara (Sylla) (Africa Vegetables);21 B Rue Des Cahouettes;93360;Neuilly-Plaisance;;;;Intermédiaire commerce alimentaire (NAF 46.17B);AMINATA CAMARA (SYLLA) (AFRICA VEGETABLES);885275263;46.17B;;2020;AMINATA CAMARA (SYLLA);SIRENE (recherche-entreprises.api.gouv.fr);À contacter;
55;B;Synea Exotics;17 Rue Du Canal;93360;Neuilly-Plaisance;;;;Grossiste fruits & légumes (NAF 46.31Z);SYNEA EXOTICS;944169572;46.31Z;;2025;NDÈYE ANTA SEYE;SIRENE (recherche-entreprises.api.gouv.fr);À contacter;
56;B;Cibest Exotique;Chez M.Ehidom Vitus Odinaka 27 Rue Des Sablons;93380;Pierrefitte-Sur-Seine;;;;Grossiste alimentaire non spécialisé (NAF 46.39B);CIBEST EXOTIQUE (CIBEST EXOTIQUE);921791976;46.39B;;2022;EMMANUEL ORAJEKWU CHUDI;SIRENE (recherche-entreprises.api.gouv.fr);À contacter;
57;B;La Pierre Angulaire Exotique;72 Avenue Michelet;93400;Saint-Ouen-Sur-Seine;;;;Grossiste alimentaire non spécialisé (NAF 46.39B);LA PIERRE ANGULAIRE EXOTIQUE;793952532;46.39B;;2013;JEAN MARCEL TSHIBEMBA;SIRENE (recherche-entreprises.api.gouv.fr);À contacter;
58;B;Les Saveurs D'Afrique;22 Parc Des Courtillieres;93500;Pantin;;;;Grossiste surgelés (NAF 46.39A);LES SAVEURS D'AFRIQUE;500072731;46.39A;;2007;;SIRENE (recherche-entreprises.api.gouv.fr);À contacter;
59;B;Afrique Exotique;6 Galerie Surcouf;93600;Aulnay-Sous-Bois;;;;Grossiste alimentaire spécialisé (NAF 46.38B);AFRIQUE EXOTIQUE;498157767;46.38B;;2007;;SIRENE (recherche-entreprises.api.gouv.fr);À contacter;
60;B;Tropical Distribution Hub;7 Place De L'Hotel De Ville;93600;Aulnay-Sous-Bois;;;;Grossiste alimentaire non spécialisé (NAF 46.39B);TROPICAL DISTRIBUTION HUB (TDH 1804);102535630;46.39B;;2026;LYBENTO REMY;SIRENE (recherche-entreprises.api.gouv.fr);À contacter;
61;B;Agro Exotic;48-50 48 Avenue D'Enghien;93800;Epinay-Sur-Seine;;;;Grossiste alimentaire non spécialisé (NAF 46.39B);AGRO EXOTIC;490298775;46.39B;;2006;;SIRENE (recherche-entreprises.api.gouv.fr);À contacter;
62;B;Hyper Exotique;17 Rue Thiers;94130;Nogent-Sur-Marne;;;;Grossiste alimentaire spécialisé (NAF 46.38B);HYPER EXOTIQUE;910186535;46.38B;;2021;SAÏD AHMARELHANK;SIRENE (recherche-entreprises.api.gouv.fr);À contacter;
63;B;Pjam;20 Rue Babeuf;94140;Alfortville;;;;Grossiste alimentaire non spécialisé (NAF 46.39B);PRODUITS DES JARDINS D'AFRIQUE ET DU MONDE (PRODUITS DES JARDINS D'AFRIQUE ET DU MONDE) (PJAM);902331438;46.39B;;2021;IBRAHIMA KOUROUMA;SIRENE (recherche-entreprises.api.gouv.fr);À contacter;
64;B;Le Marche International De L'Exotique;Fruileg S 105 Av Du Lyonnais;94150;Rungis;;;;Grossiste fruits & légumes (NAF 46.31Z);LE MARCHE INTERNATIONAL DE L'EXOTIQUE (LE MARCHE INTERNATIONAL DE L'EXOTIQUE) (MIE);824516611;46.31Z;10-19;2016;ALICE OUKEO;SIRENE (recherche-entreprises.api.gouv.fr);À contacter;
65;B;Maceo Distribution;2 Rue De Provence;94150;Rungis;;;;Grossiste fruits & légumes (NAF 46.31Z);MACEO GROUPE (MACEO DISTRIBUTION MAXI SEC LA MAISON CREOLE);350668174;46.31Z;20-49;1989;ETIENNE CATRY;SIRENE (recherche-entreprises.api.gouv.fr);À contacter;
66;B;Maceo Primeurs;Bat D9 2 Rue De Provence;94150;Rungis;;;;Grossiste fruits & légumes (NAF 46.31Z);"MACEO PRIMEURS (MACEO PRIMEURS ; MAXI SEC ; LA MAISON CREOLE)";844909499;46.31Z;6-9;2018;ETIENNE CATRY;SIRENE (recherche-entreprises.api.gouv.fr);À contacter;
67;B;Sophia Exotique;166 Boulevard D'Alsace-Lorraine;94170;Le Perreux-Sur-Marne;;;;Grossiste alimentaire spécialisé (NAF 46.38B);SOPHIA EXOTIQUE;438645921;46.38B;;2001;;SIRENE (recherche-entreprises.api.gouv.fr);À contacter;
68;B;Soleil Exotique;89 Rue Lafayette;94210;Saint-Maur-Des-Fosses;;;;Intermédiaire commerce alimentaire (NAF 46.17B);SOLEIL EXOTIQUE;424518272;46.17B;;1999;MUKUMADI KASONGO (KANKU);SIRENE (recherche-entreprises.api.gouv.fr);À contacter;
69;B;Baobab;63 Avenue De Fontainebleau;94270;Le Kremlin-Bicetre;;;;Plats préparés (NAF 10.85Z);BAOBAB;914500277;10.85Z;1-2;2022;YAYA DIANE;SIRENE (recherche-entreprises.api.gouv.fr);À contacter;
70;B;Canal Exotic;4-6 4 Rue De L'Esperance;94320;Thiais;;;;Grossiste alimentaire spécialisé (NAF 46.38B);CANAL EXOTIC;399377159;46.38B;;1995;;SIRENE (recherche-entreprises.api.gouv.fr);À contacter;
71;B;Sahel Saveurs Distribution;Avenue Du Progres;94400;Vitry-Sur-Seine;;;;Grossiste alimentaire spécialisé (NAF 46.38B);SAHEL SAVEURS DISTRIBUTION (SSD);105334783;46.38B;;2026;BAKARY BARADJI;SIRENE (recherche-entreprises.api.gouv.fr);À contacter;
72;B;Francaise Exotique Distribution Reseaux;Zac Des Roseaux 4 Rue D Ile De France;94460;Valenton;;;;Grossiste alimentaire spécialisé (NAF 46.38B);FRANCAISE EXOTIQUE DISTRIBUTION RESEAUX (FEDER);393946082;46.38B;;1994;;SIRENE (recherche-entreprises.api.gouv.fr);À contacter;
73;B;Abcd De L'Exotique;Bat A3 37 Avenue De Bourgogne;94550;Chevilly-Larue;;;;Intermédiaire commerce alimentaire (NAF 46.17B);ABCD DE L'EXOTIQUE;349923219;46.17B;10-19;1989;THOMAS BESNARD;SIRENE (recherche-entreprises.api.gouv.fr);À contacter;
74;B;Danga Exotic;53 Rue De Carpentras;94550;Chevilly-Larue;;;;Grossiste fruits & légumes (NAF 46.31Z);DANGA EXOTIC;500288857;46.31Z;3-5;2007;HOLDING JPM;SIRENE (recherche-entreprises.api.gouv.fr);À contacter;
75;B;Lacour Exotic International;Fruileg 375 106 Rue De Montpellier;94550;Chevilly-Larue;;;;Grossiste fruits & légumes (NAF 46.31Z);LACOUR EXOTIC INTERNATIONAL (LEXO) (LEI);845136357;46.31Z;20-49;2019;JULIE SZTRAJT (SZTRAJT DIT FLINKER);SIRENE (recherche-entreprises.api.gouv.fr);À contacter;
76;B;Snde Societe Nouvelle Drevin Exotics;Centra  373 5 Rue De La Corderie;94550;Chevilly-Larue;;;;Grossiste fruits & légumes (NAF 46.31Z);SNDE SOCIETE NOUVELLE DREVIN EXOTICS;483952297;46.31Z;3-5;2005;JEAN-LUC DREVIN;SIRENE (recherche-entreprises.api.gouv.fr);À contacter;
77;B;Fabio Exotique;26 Rue Frederic Joliot Curie;94600;Choisy-Le-Roi;;;;Grossiste fruits & légumes (NAF 46.31Z);FABIO EXOTIQUE;850856956;46.31Z;;2019;FABRICE DESIRE TCHATCHOUA;SIRENE (recherche-entreprises.api.gouv.fr);À contacter;
78;B;Tropica Exotic;63 Rue Victor Hugo;94700;Maisons-Alfort;;;;Intermédiaire commerce alimentaire (NAF 46.17B);TROPICA EXOTIC (TROPEXO);484281506;46.17B;;2005;;SIRENE (recherche-entreprises.api.gouv.fr);À contacter;
79;B;Exotic Paradise;23-25 Rue Jean-Jacques Rousseau;75001;Paris;;;;Grossiste alimentaire non spécialisé (NAF 46.39B);EXOTIC PARADISE;931176622;46.39B;;2024;JULIEN GUILLAUME PHILIPPE BARROS;SIRENE (recherche-entreprises.api.gouv.fr);À contacter;
80;B;Exotic Products;229 Rue Saint-Honore;75001;Paris;;;;Grossiste café/thé/épices (NAF 46.37Z);EXOTIC PRODUCTS (VANILLA PREMIUM);941243792;46.37Z;;2025;AD ALTUM;SIRENE (recherche-entreprises.api.gouv.fr);À contacter;
81;B;Greniers D'Afrique;320 Rue Saint-Honore;75001;Paris;;;;Grossiste alimentaire non spécialisé (NAF 46.39B);GRENIERS D'AFRIQUE;484968524;46.39B;;2005;;SIRENE (recherche-entreprises.api.gouv.fr);À contacter;
82;B;Kamer Exotic;231 Rue Saint-Honore;75001;Paris;;;;Grossiste alimentaire non spécialisé (NAF 46.39B);KAMER EXOTIC;502343296;46.39B;;2008;;SIRENE (recherche-entreprises.api.gouv.fr);À contacter;
83;B;Natural Exotic;15 Rue Des Halles;75001;Paris;;;;Grossiste fruits & légumes (NAF 46.31Z);NATURAL EXOTIC;915103907;46.31Z;;2022;NAJIA KANANE (MEROINE);SIRENE (recherche-entreprises.api.gouv.fr);À contacter;
84;B;Comptoir Madras Des Antilles;50 Rue De Moscou;75008;Paris;;;;Grossiste boissons (NAF 46.34Z);COMPTOIR MADRAS DES ANTILLES;789451770;46.34Z;;2012;HENRI JEAN JOSEPH BICHARA-JABOUR;SIRENE (recherche-entreprises.api.gouv.fr);À contacter;
85;B;Eathappy Togo France S.A.R.L;7 Rue De Castellane;75008;Paris;;;;Plats préparés (NAF 10.85Z);EATHAPPY TOGO FRANCE S.A.R.L;900553371;10.85Z;;2021;FRANÇOIS PIERRE JULIEN CHATEAU;SIRENE (recherche-entreprises.api.gouv.fr);À contacter;
86;B;Hf Exotiques;1 Rue De Stockholm;75008;Paris;;;;Grossiste alimentaire non spécialisé (NAF 46.39B);HF EXOTIQUES;937757193;46.39B;;2024;HICHAM SBATA;SIRENE (recherche-entreprises.api.gouv.fr);À contacter;
87;B;Industries Mali France;12 A 14 12 Rond-Point Des Champs Elysees-Marcel Dassault;75008;Paris;;;;Grossiste alimentaire non spécialisé (NAF 46.39B);INDUSTRIES MALI FRANCE;510362155;46.39B;;2009;;SIRENE (recherche-entreprises.api.gouv.fr);À contacter;
88;B;Planet Exotic;8 Rue De L'Isly;75008;Paris;;;;Grossiste boissons (NAF 46.34Z);PLANET EXOTIC;851211342;46.34Z;;2019;SUBHAS CHANDRA SOOBA;SIRENE (recherche-entreprises.api.gouv.fr);À contacter;
89;B;Saffari Du Congo;34 Avenue Des Champs Elysees;75008;Paris;;;;Grossiste alimentaire non spécialisé (NAF 46.39B);CAROLA SAFFAR (OKITAKULA YOHARI KISSIMBA) (SAFFARI);523034601;46.39B;;2010;CAROLA SAFFAR (OKITAKULA YOHARI KISSIMBA);SIRENE (recherche-entreprises.api.gouv.fr);À contacter;
90;B;Taxfry Africa;32 Rue La Boetie;75008;Paris;;;;Centrale d’achat alimentaire (NAF 46.17A);TAXFRY AFRICA;511853590;46.17A;;2009;;SIRENE (recherche-entreprises.api.gouv.fr);À contacter;
91;B;Exotic Country Store;187 Rue Du Faubourg Saint-Denis;75010;Paris;;;;Grossiste alimentaire spécialisé (NAF 46.38B);EXOTIC COUNTRY STORE;421780453;46.38B;10-19;1998;KANAGASABAPATHIPILLAI SRIRAM;SIRENE (recherche-entreprises.api.gouv.fr);À contacter;
92;B;S.S. Exotique;1 A 3 1 Rue D'Enghien;75010;Paris;;;;Grossiste alimentaire non spécialisé (NAF 46.39B);S.S. EXOTIQUE;479405714;46.39B;;2004;;SIRENE (recherche-entreprises.api.gouv.fr);À contacter;
93;B;Tropic;Chez Co Ge Inf 54 Rue D'Enghien;75010;Paris;;;;Grossiste alimentaire non spécialisé (NAF 46.39B);TROPIC;451790471;46.39B;;2004;;SIRENE (recherche-entreprises.api.gouv.fr);À contacter;
94;B;Afro Delices Am;3 Avenue De Bouvines;75011;Paris;;;;Grossiste boissons (NAF 46.34Z);AFRO DELICES AM;942228883;46.34Z;;2025;ATIF SAADE;SIRENE (recherche-entreprises.api.gouv.fr);À contacter;
95;B;B M S Exotiques Sarl;1 3 5 Rue De L'Orillon;75011;Paris;;;;Grossiste alimentaire non spécialisé (NAF 46.39B);B M S EXOTIQUES SARL;478205651;46.39B;;2004;;SIRENE (recherche-entreprises.api.gouv.fr);À contacter;
96;B;Exotique Express;4 Rue Pasteur;75011;Paris;;;;Grossiste café/thé/épices (NAF 46.37Z);EXOTIQUE EXPRESS;378932743;46.37Z;;1990;;SIRENE (recherche-entreprises.api.gouv.fr);À contacter;
97;B;Les Agapes Africaines;9 Rue Morand;75011;Paris;;;;Grossiste alimentaire spécialisé (NAF 46.38B);LES AGAPES AFRICAINES (AGAFRIC);411125420;46.38B;;1997;;SIRENE (recherche-entreprises.api.gouv.fr);À contacter;
98;B;Guayapi Tropical;55 Rue Traversiere;75012;Paris;;;;Grossiste alimentaire spécialisé (NAF 46.38B);GUAYAPI TROPICAL;353588718;46.38B;6-9;1990;BASTIEN BEAUFORT;SIRENE (recherche-entreprises.api.gouv.fr);À contacter;
99;B;Si France Afrique Alimentation;121 Rue De Picpus;75012;Paris;;;;Grossiste alimentaire non spécialisé (NAF 46.39B);SI FRANCE AFRIQUE ALIMENTATION;883833378;46.39B;;2020;SALIHA IKKACHE;SIRENE (recherche-entreprises.api.gouv.fr);À contacter;
100;B;Charles Exotique Import Et Export;6 Rue Duchefdelaville;75013;Paris;;;;Grossiste alimentaire non spécialisé (NAF 46.39B);CHARLES EXOTIQUE IMPORT ET EXPORT;528733421;46.39B;;2010;;SIRENE (recherche-entreprises.api.gouv.fr);À contacter;
101;B;Societe Franco-Africaine De Commerce - Sofracom;38 Rue Dunois;75013;Paris;;;;Grossiste alimentaire non spécialisé (NAF 46.39B);SOCIETE FRANCO-AFRICAINE DE COMMERCE - SOFRACOM;529782260;46.39B;1-2;2011;VALERY EICH;SIRENE (recherche-entreprises.api.gouv.fr);À contacter;
102;B;Distribution Des Produits Alimentaires, De La Mer Et Exotiques;2 B Rue Montbrun;75014;Paris;;;;Grossiste poissons (NAF 46.38A);DISTRIBUTION DES PRODUITS ALIMENTAIRES, DE LA MER ET EXOTIQUES (DISTRIBUTION DES PRODUITS ALIMENTAIRES, DE LA MER ET EXOTIQUES) (D.I.P.A.M.E.);790644462;46.38A;;2013;BATUMIKE BAKAMARHE;SIRENE (recherche-entreprises.api.gouv.fr);À contacter;
103;B;Stella Exotique;3 Boulevard Victor;75015;Paris;;;;Grossiste alimentaire non spécialisé (NAF 46.39B);STELLA EXOTIQUE (STELLA EXOTIQUE);953486156;46.39B;;2023;RAJAHSEGARAM ANTONIPILLAI;SIRENE (recherche-entreprises.api.gouv.fr);À contacter;
104;B;Soc Importation Produits Fruits Exotique;196 Boulevard Pereire;75017;Paris;;;;Grossiste fruits & légumes (NAF 46.31Z);SOC IMPORTATION PRODUITS FRUITS EXOTIQUE (SOIPFE);351170279;46.31Z;;1989;;SIRENE (recherche-entreprises.api.gouv.fr);À contacter;
105;B;Africa Store;19 Rue Simart;75018;Paris;;;;Grossiste alimentaire spécialisé (NAF 46.38B);AFRICA STORE;843729914;46.38B;;2018;LUCKY OBOBAFU;SIRENE (recherche-entreprises.api.gouv.fr);À contacter;
106;B;Alpha Exotique&Distribution;27 Rue D'Oran;75018;Paris;;;;Grossiste fruits & légumes (NAF 46.31Z);ALPHA EXOTIQUE&DISTRIBUTION (ALEXDI);884679002;46.31Z;1-2;2020;ALPHONCINE DJONA;SIRENE (recherche-entreprises.api.gouv.fr);À contacter;
107;B;Appocalypse;26 Rue Ernestine;75018;Paris;;;;Grossiste alimentaire non spécialisé (NAF 46.39B);MAJOLIE EXOTIQUE (APPOCALYPSE);851753350;46.39B;1-2;2019;TRESOR KIMPUELA;SIRENE (recherche-entreprises.api.gouv.fr);À contacter;
108;B;J.D.C. Africa;3 Rue De Suez;75018;Paris;;;;Grossiste fruits & légumes (NAF 46.31Z);J.D.C. AFRICA (J.D.C. AFRICA);828309245;46.31Z;0;2017;JOEL KUITAT TCHINDA TOULEPI;SIRENE (recherche-entreprises.api.gouv.fr);À contacter;
109;B;Nako Dsitribution;55 Rue Doudeauville;75018;Paris;;;;Grossiste fruits & légumes (NAF 46.31Z);NAKO DSITRIBUTION (FORUM D'ABIDJAN);795230432;46.31Z;1-2;2013;DJOUA TOHA MARIE JOSIANE NAKO;SIRENE (recherche-entreprises.api.gouv.fr);À contacter;
110;B;Sasu Nigoumi Exotic;21 B Rue Du Simplon;75018;Paris;;;;Grossiste fruits & légumes (NAF 46.31Z);SASU NIGOUMI EXOTIC (PILI PILI EXOTIC);830898730;46.31Z;1-2;2017;JEANNE RENNEE FOUE DEBILOGO;SIRENE (recherche-entreprises.api.gouv.fr);À contacter;
111;B;Societe Africaine De Distribution Des Denrees De L'Ouest;11 Rue De Panama;75018;Paris;;;;Grossiste alimentaire non spécialisé (NAF 46.39B);SOCIETE AFRICAINE DE DISTRIBUTION DES DENREES DE L'OUEST (SADDO);400230421;46.39B;;1995;;SIRENE (recherche-entreprises.api.gouv.fr);À contacter;
112;B;Societe Les Champs D Afrique;5 Rue De Panama;75018;Paris;;;;Grossiste alimentaire non spécialisé (NAF 46.39B);SOCIETE LES CHAMPS D AFRIQUE;478726987;46.39B;;2004;;SIRENE (recherche-entreprises.api.gouv.fr);À contacter;
113;B;Tropic International;21 B Rue Du Simplon;75018;Paris;;;;Intermédiaire commerce alimentaire (NAF 46.17B);TROPIC INTERNATIONAL;522208016;46.17B;;2010;;SIRENE (recherche-entreprises.api.gouv.fr);À contacter;
114;B;Tropiques Exo;10 Rue Marcadet;75018;Paris;;;;Grossiste boissons (NAF 46.34Z);TROPIQUES EXO;438861197;46.34Z;0;2001;MAHOUTIN ALICE DJEKINNOU;SIRENE (recherche-entreprises.api.gouv.fr);À contacter;
115;B;Universal Exotic;8 Rue De Suez;75018;Paris;;;;Grossiste alimentaire non spécialisé (NAF 46.39B);UNIVERSAL EXOTIC;888267259;46.39B;1-2;2020;ALAIN FRANCOIS LINDJECK;SIRENE (recherche-entreprises.api.gouv.fr);À contacter;
116;B;Les Saveurs Exotiques;218 A 228 218 Rue De Crimee;75019;Paris;;;;Grossiste alimentaire spécialisé (NAF 46.38B);LES SAVEURS EXOTIQUES;431954924;46.38B;;2000;;SIRENE (recherche-entreprises.api.gouv.fr);À contacter;
117;B;Sarl Lelouma Exotiques;7 Rue Du Docteur Potain;75019;Paris;;;;Grossiste alimentaire spécialisé (NAF 46.38B);SARL LELOUMA EXOTIQUES;494748510;46.38B;;2007;;SIRENE (recherche-entreprises.api.gouv.fr);À contacter;
118;B;Exotic Gourmet International;Chez Buroservices 114 Rue Des Pyrenees;75020;Paris;;;;Grossiste alimentaire non spécialisé (NAF 46.39B);EXOTIC GOURMET INTERNATIONAL;408392546;46.39B;;1996;;SIRENE (recherche-entreprises.api.gouv.fr);À contacter;
119;B;La Ferme Exotique;25 Rue Saint-Blaise;75020;Paris;;;;Grossiste alimentaire spécialisé (NAF 46.38B);LA FERME EXOTIQUE;399445014;46.38B;;1995;;SIRENE (recherche-entreprises.api.gouv.fr);À contacter;
120;B;Fatoumata Diaraye N'Diaye (N Zassa Plats Africains);14 Square Francois Couperin;77000;Melun;;;;Plats préparés (NAF 10.85Z);FATOUMATA DIARAYE N'DIAYE (N ZASSA PLATS AFRICAINS);901360545;10.85Z;;2021;FATOUMATA DIARAYE DIARAYE FATOUMATA N'DIAYE;SIRENE (recherche-entreprises.api.gouv.fr);À contacter;
121;B;Fimm Exotique;8 Rue Louis Beaunier;77000;Melun;;;;Grossiste alimentaire non spécialisé (NAF 46.39B);FIMM EXOTIQUE;984809020;46.39B;;2024;FRANCK ALOUA;SIRENE (recherche-entreprises.api.gouv.fr);À contacter;
122;B;Exani Tropic;6 Rue De Senlis;77100;Meaux;;;;Grossiste alimentaire spécialisé (NAF 46.38B);EXANI TROPIC;478874647;46.38B;;2004;;SIRENE (recherche-entreprises.api.gouv.fr);À contacter;
123;B;Rekha Ramjeeawon (Beeharry) (Douceur Des Iles);4 Rue Du Maroy;77141;Vaudoy-En-Brie;;;;Plats préparés (NAF 10.85Z);REKHA RAMJEEAWON (BEEHARRY) (DOUCEUR DES ILES);903454643;10.85Z;;2021;REKHA RAMJEEAWON (BEEHARRY);SIRENE (recherche-entreprises.api.gouv.fr);À contacter;
124;B;Pirath Exotique;12 Rue Leonard De Vinci;77170;Brie-Comte-Robert;;;;Grossiste alimentaire non spécialisé (NAF 46.39B);TANIS EUROPEENNE;752899922;46.39B;1-2;2012;THILAKENDRALINGAM ANISKARAN;SIRENE (recherche-entreprises.api.gouv.fr);À contacter;
125;B;Exotic Services;52 Rue D'Emerainville;77183;Croissy-Beaubourg;;;;Grossiste alimentaire non spécialisé (NAF 46.39B);EXOTIC SERVICES;480173731;46.39B;;2005;;SIRENE (recherche-entreprises.api.gouv.fr);À contacter;
126;B;Vilay Exotique;4 Rue Des Pres Saint-Martin;77340;Pontault-Combault;;;;Grossiste alimentaire non spécialisé (NAF 46.39B);VILAY EXOTIQUE;384399085;46.39B;;1991;VILAY CHANTHAVONG (CHANTHAVONG);SIRENE (recherche-entreprises.api.gouv.fr);À contacter;
127;B;Exotic Land;2 Rue Des Chevreuils;77380;Combs-La-Ville;;;;Grossiste fruits & légumes (NAF 46.31Z);EXOTIC LAND;894096502;46.31Z;;2021;SADIA FATY;SIRENE (recherche-entreprises.api.gouv.fr);À contacter;
128;B;Nature Exotique;90 Avenue General De Gaulle;77500;Chelles;;;;Grossiste alimentaire spécialisé (NAF 46.38B);NATURE EXOTIQUE;395337314;46.38B;;1994;;SIRENE (recherche-entreprises.api.gouv.fr);À contacter;
129;B;Global Spices & Tropical Food'S France;Zi Bouzigues  Bat 2 Rte Nationale 105;77550;Reau;;;;Grossiste alimentaire spécialisé (NAF 46.38B);GLOBAL SPICES & TROPICAL FOOD'S FRANCE (GSTF);447643990;46.38B;;2003;;SIRENE (recherche-entreprises.api.gouv.fr);À contacter;
130;B;Univers Exotic International;7 Square Antoine Barye;77680;Roissy-En-Brie;;;;Intermédiaire commerce alimentaire (NAF 46.17B);UNIVERS EXOTIC INTERNATIONAL (UNIVERS EXOTIC INTERNATIONAL);753484500;46.17B;;2012;;SIRENE (recherche-entreprises.api.gouv.fr);À contacter;
131;B;Fruits D'Afrique;1 Allee Anne Dessoye;77950;Rubelles;;;;Grossiste alimentaire non spécialisé (NAF 46.39B);FRUITS D'AFRIQUE;888933843;46.39B;;2020;SONIA DOMINIQUE LAURIANNE DIPOKO;SIRENE (recherche-entreprises.api.gouv.fr);À contacter;
132;B;Teranga Global Link;29 T Rue De La Croix De Fer;78100;Saint-Germain-En-Laye;;;;Grossiste alimentaire non spécialisé (NAF 46.39B);TERANGA GLOBAL LINK;101533743;46.39B;;2026;YOUBA BOCAR SY;SIRENE (recherche-entreprises.api.gouv.fr);À contacter;
133;B;Pavellie Bahoungamana (Dyka Traiteur Africain);29 Avenue Marceau;78190;Trappes;;;;Plats préparés (NAF 10.85Z);PAVELLIE BAHOUNGAMANA (DYKA TRAITEUR AFRICAIN);812402998;10.85Z;;2015;PAVELLIE BAHOUNGAMANA;SIRENE (recherche-entreprises.api.gouv.fr);À contacter;
134;B;Groupe Exotique Yambo;39 Allee De Provence;78200;Magnanville;;;;Grossiste alimentaire non spécialisé (NAF 46.39B);GROUPE EXOTIQUE YAMBO;109357525;46.39B;;2026;BAKHTA BELHADJI;SIRENE (recherche-entreprises.api.gouv.fr);À contacter;
135;B;Compagnie Des Saveurs Exotiques;189 Rue Du General Leclerc;78400;Chatou;;;;Grossiste café/thé/épices (NAF 46.37Z);COMPAGNIE DES SAVEURS EXOTIQUES;843124165;46.37Z;;2018;JOSE ANDRIANASOLO;SIRENE (recherche-entreprises.api.gouv.fr);À contacter;
136;B;Mano Imports;Batiment 16 2 Allee De Chantereine;78711;Mantes-La-Ville;;;;Grossiste alimentaire spécialisé (NAF 46.38B);MANO IMPORTS (LE GROSSISTE DE L'EXOTIQUE);909993875;46.38B;6-9;2022;MANOGANAN THEVAKUMAR;SIRENE (recherche-entreprises.api.gouv.fr);À contacter;
137;B;Exotic-Export Sarl;48 Bd Des Coquibus;91000;Evry-Courcouronnes;;;;Grossiste alimentaire non spécialisé (NAF 46.39B);EXOTIC-EXPORT SARL;798599965;46.39B;;2013;;SIRENE (recherche-entreprises.api.gouv.fr);À contacter;
138;B;Mak Esperance Exotique Sarl;5 Rue De L Essonne;91000;Evry-Courcouronnes;;;;Grossiste alimentaire non spécialisé (NAF 46.39B);MAK ESPERANCE EXOTIQUE SARL;484872205;46.39B;;2005;;SIRENE (recherche-entreprises.api.gouv.fr);À contacter;
139;B;Yakaf-Exotic;7 B Pl Jules Valles;91000;Evry-Courcouronnes;;;;Grossiste alimentaire spécialisé (NAF 46.38B);YAKAF-EXOTIC;484872023;46.38B;;2005;;SIRENE (recherche-entreprises.api.gouv.fr);À contacter;
140;B;Garba Exotique;38 Av Du Pdt Salvador Allende;91100;Corbeil-Essonnes;;;;Grossiste alimentaire non spécialisé (NAF 46.39B);GARBA EXOTIQUE;885070375;46.39B;;2020;TROUIN LAZARE DOUDOUO;SIRENE (recherche-entreprises.api.gouv.fr);À contacter;
141;B;Tresors Exotiques;4 Rue De La Juiverie;91150;Etampes;;;;Grossiste alimentaire spécialisé (NAF 46.38B);TRESORS EXOTIQUES (TE);529194052;46.38B;;2010;;SIRENE (recherche-entreprises.api.gouv.fr);À contacter;
142;B;V Exotic;18 Avenue Jacques Chirac;91200;Athis-Mons;;;;Grossiste alimentaire non spécialisé (NAF 46.39B);V EXOTIC (VE);930894274;46.39B;;2024;KAMALATHASAN VISWANATHAN;SIRENE (recherche-entreprises.api.gouv.fr);À contacter;
143;B;Sita Exotic;19 Place De France;91300;Massy;;;;Grossiste alimentaire non spécialisé (NAF 46.39B);SITA EXOTIC;801686338;46.39B;0;2014;AGILAN SITTARAMNE;SIRENE (recherche-entreprises.api.gouv.fr);À contacter;
144;B;S.M. Exotique De La Gare;15 Rue Pasteur;91360;Epinay-Sur-Orge;;;;Grossiste alimentaire spécialisé (NAF 46.38B);S.M. EXOTIQUE DE LA GARE;499482719;46.38B;;2007;;SIRENE (recherche-entreprises.api.gouv.fr);À contacter;
145;B;Super Exotique Bongo;7 Rue Des Glaises;91800;Boussy-Saint-Antoine;;;;Grossiste alimentaire non spécialisé (NAF 46.39B);SUPER EXOTIQUE BONGO;907638613;46.39B;;2021;GUYLAIN BONGO MATAYA;SIRENE (recherche-entreprises.api.gouv.fr);À contacter;
146;B;Boissons D'Afrique;27 Rue Edmond Dubuis;92000;Nanterre;;;;Grossiste alimentaire non spécialisé (NAF 46.39B);BOISSONS D'AFRIQUE;940181001;46.39B;;2025;EUGÈNE LAUREL DAWA YOUMBI;SIRENE (recherche-entreprises.api.gouv.fr);À contacter;
147;B;Le Cercle Exotic Evenement;135 Avenue Georges Clemenceau;92000;Nanterre;;;;Grossiste céréales/tabac (NAF 46.21Z);LE CERCLE EXOTIC EVENEMENT;479160095;46.21Z;;2004;;SIRENE (recherche-entreprises.api.gouv.fr);À contacter;
148;B;Nos Legumes D'Afrique;9 Rue Severine;92130;Issy-Les-Moulineaux;;;;Grossiste alimentaire spécialisé (NAF 46.38B);NOS LEGUMES D'AFRIQUE;992919910;46.38B;;2025;ESTHELLE OLIVIA MPONDO;SIRENE (recherche-entreprises.api.gouv.fr);À contacter;
149;B;Tropical Cafe;40 Rue Condorcet;92140;Clamart;;;;Grossiste alimentaire non spécialisé (NAF 46.39B);TROPICAL CAFE;420482960;46.39B;;1998;LIONEL BALIAN;SIRENE (recherche-entreprises.api.gouv.fr);À contacter;
150;B;Marche D'Abidjan;12 Rue Felicie;92230;Gennevilliers;;;;Grossiste alimentaire non spécialisé (NAF 46.39B);MARCHE D'ABIDJAN;932415144;46.39B;;2024;LASSINA KARAMOKO;SIRENE (recherche-entreprises.api.gouv.fr);À contacter;
151;B;Grace & Succes Exotique;6 Rue Laure Fiot;92600;Asnieres-Sur-Seine;;;;Grossiste alimentaire spécialisé (NAF 46.38B);GRACE & SUCCES EXOTIQUE;531298263;46.38B;;2011;;SIRENE (recherche-entreprises.api.gouv.fr);À contacter;
152;B;Le Comptoir Exotique;98 Avenue Des Gresillons;92600;Asnieres-Sur-Seine;;;;Grossiste alimentaire non spécialisé (NAF 46.39B);LE COMPTOIR EXOTIQUE;921142105;46.39B;1-2;2022;THANUJAH SIVAPATHAM (MAHENDRARAJAH);SIRENE (recherche-entreprises.api.gouv.fr);À contacter;
153;B;Au Marche Exotique 95;55 Rue Francis Combe;95000;Cergy;;;;Grossiste alimentaire spécialisé (NAF 46.38B);AU MARCHE EXOTIQUE 95 (AU MARCHE EXOTIQUE 95);890467301;46.38B;6-9;2020;SUBAJINI KRISHNAMOORTHY (BALACHANDRAN);SIRENE (recherche-entreprises.api.gouv.fr);À contacter;
154;B;Tropic Ocean;4 Rue Des Chenes D'Or;95000;Cergy;;;;Grossiste poissons (NAF 46.38A);TROPIC OCEAN;444767248;46.38A;;2003;;SIRENE (recherche-entreprises.api.gouv.fr);À contacter;
155;B;Goussainville Exotique;2/4 2 Avenue Du 6 Juin 1944;95190;Goussainville;;;;Grossiste alimentaire non spécialisé (NAF 46.39B);GOUSSAINVILLE EXOTIQUE;534112099;46.39B;;2011;;SIRENE (recherche-entreprises.api.gouv.fr);À contacter;
156;B;Kyr Exotics;12 Allee Raoul Dufy;95200;Sarcelles;;;;Grossiste alimentaire non spécialisé (NAF 46.39B);KYR EXOTICS;937542306;46.39B;;2024;MABRONDJE TOURE;SIRENE (recherche-entreprises.api.gouv.fr);À contacter;
157;B;Le Monde De L'Afrique;30 Avenue Du 8 Mai 1945;95200;Sarcelles;;;;Grossiste alimentaire spécialisé (NAF 46.38B);LE MONDE DE L'AFRIQUE;484397021;46.38B;;2005;;SIRENE (recherche-entreprises.api.gouv.fr);À contacter;
158;B;Tropical Store;1 Rue De L'Escouvrier;95200;Sarcelles;;;;Grossiste alimentaire non spécialisé (NAF 46.39B);TROPICAL STORE;842190282;46.39B;6-9;2018;ROCHE JUDE PIOUS ROSHAN;SIRENE (recherche-entreprises.api.gouv.fr);À contacter;
159;B;Djiguiya Exotique;8 Rue Des Champs Guillaume;95240;Cormeilles-En-Parisis;;;;Grossiste alimentaire non spécialisé (NAF 46.39B);DJIGUIYA EXOTIQUE;950703389;46.39B;;2023;FATOUMATA DOUMBIA;SIRENE (recherche-entreprises.api.gouv.fr);À contacter;
160;B;Lanaya Exotique;8 Rue Des Champs Guillaume;95240;Cormeilles-En-Parisis;;;;Grossiste alimentaire non spécialisé (NAF 46.39B);LANAYA EXOTIQUE (L.E);101472645;46.39B;;2026;MOUHAMED SACKO;SIRENE (recherche-entreprises.api.gouv.fr);À contacter;
161;B;Antilles Distribution;112 Rue Jean Jaures;95400;Arnouville;;;;Grossiste alimentaire non spécialisé (NAF 46.39B);ANTILLES DISTRIBUTION;838856284;46.39B;;2018;XAVIER WILLY NIPAU;SIRENE (recherche-entreprises.api.gouv.fr);À contacter;
162;B;Marie Guerline Estanis (Jean Baptiste) (Festin Creole Incroyable Grace);5 Rue Des Jours Heureux;95490;Vaureal;;;;Plats préparés (NAF 10.85Z);MARIE GUERLINE ESTANIS (JEAN BAPTISTE) (FESTIN CREOLE INCROYABLE GRACE);849589965;10.85Z;;2019;MARIE-GUERLINE ESTANIS (JEAN BAPTISTE);SIRENE (recherche-entreprises.api.gouv.fr);À contacter;
163;B;Jonathan Robin (Des Iles Et D'Ailleurs);5 Colline De La Raviniere;95520;Osny;;;;Plats préparés (NAF 10.85Z);JONATHAN ROBIN (DES ILES ET D'AILLEURS);798589941;10.85Z;;2013;JONATHAN ROBIN (ROBIN);SIRENE (recherche-entreprises.api.gouv.fr);À contacter;
164;B;Exotic Fs;C18 6 Allee Fleurie;95800;Cergy;;;;Grossiste alimentaire spécialisé (NAF 46.38B);EXOTIC FS;940954795;46.38B;;2025;M-FINANK;SIRENE (recherche-entreprises.api.gouv.fr);À contacter;
165;C;Rick Exotique;7 Place Du 11 Novembre 1918;93000;Bobigny;;;;Grossiste non spécialisé (NAF 46.90Z);RICK EXOTIQUE;490161700;46.90Z;;2006;LEQUN LIN (LIN);SIRENE (recherche-entreprises.api.gouv.fr);À contacter;
166;C;Exotique Distribution;165 Boulevard De La Boissiere;93100;Montreuil;;;;Grossiste non spécialisé (NAF 46.90Z);EXOTIQUE DISTRIBUTION;104112842;46.90Z;;2026;HAWA GANDEGA;SIRENE (recherche-entreprises.api.gouv.fr);À contacter;
167;C;Sanogo Delice Attieke;308 Rue De Rosny;93100;Montreuil;;;;Grossiste non spécialisé (NAF 46.90Z);SANOGO DELICE ATTIEKE (SANOGO DELICE ATTIEKE);912471075;46.90Z;;2022;LASSANA FOFANA;SIRENE (recherche-entreprises.api.gouv.fr);À contacter;
168;C;T.M.K Exotique;122 Avenue Du President Wilson;93100;Montreuil;;;;Grossiste non spécialisé (NAF 46.90Z);T.M.K EXOTIQUE;531739647;46.90Z;;2011;;SIRENE (recherche-entreprises.api.gouv.fr);À contacter;
169;C;Exotique Marche;80 Avenue Paul Vaillant Couturier;93150;Le Blanc-Mesnil;;;;Grossiste non spécialisé (NAF 46.90Z);EXOTIQUE MARCHE;435372339;46.90Z;;2001;;SIRENE (recherche-entreprises.api.gouv.fr);À contacter;
170;C;Chez Henrietto Exotiques;71 B Rue Danielle Casanova;93200;Saint-Denis;;;;Grossiste non spécialisé (NAF 46.90Z);CHEZ HENRIETTO EXOTIQUES;487829103;46.90Z;1-2;2006;MIKWIZA BAVUTULA;SIRENE (recherche-entreprises.api.gouv.fr);À contacter;
171;C;Exotique Tropical;35 Boulevard Anatole France;93200;Saint-Denis;;;;Grossiste non spécialisé (NAF 46.90Z);EXOTIQUE TROPICAL;980082051;46.90Z;;2023;SIKIRA ANTOINETTE MOREIRA;SIRENE (recherche-entreprises.api.gouv.fr);À contacter;
172;C;K & M Exotique;83 Boulevard Henri Barbusse;93230;Romainville;;;;Grossiste non spécialisé (NAF 46.90Z);K & M EXOTIQUE;514667336;46.90Z;;2009;;SIRENE (recherche-entreprises.api.gouv.fr);À contacter;
173;C;Embo - Exotique;7 Rue Cugnot;93250;Villemomble;;;;Grossiste non spécialisé (NAF 46.90Z);EMBO - EXOTIQUE;489853820;46.90Z;;2006;;SIRENE (recherche-entreprises.api.gouv.fr);À contacter;
174;C;France Exotique;21 A 23 21 Rue De La Haie Coq;93300;Aubervilliers;;;;Grossiste non spécialisé (NAF 46.90Z);FRANCE EXOTIQUE;433814548;46.90Z;3-5;2001;CAROLINE QUELIN;SIRENE (recherche-entreprises.api.gouv.fr);À contacter;
175;C;Bissap Market;153 Route De Saint-Leu;93800;Epinay-Sur-Seine;;;;Grossiste non spécialisé (NAF 46.90Z);BISSAP MARKET;889488813;46.90Z;;2020;LASSANA DJIBY SOUMARE;SIRENE (recherche-entreprises.api.gouv.fr);À contacter;
176;C;Dane Exotique;7 Rue Des Freres Poirier;94400;Vitry-Sur-Seine;;;;Grossiste non spécialisé (NAF 46.90Z);DANE EXOTIQUE;504801549;46.90Z;;2008;;SIRENE (recherche-entreprises.api.gouv.fr);À contacter;
177;C;Johann Tchissambou-Henry (Tchissambou) (Sushi Exotique 24 Carats);34 Avenue Des Champs Elysees;75008;Paris;;;;Grossiste non spécialisé (NAF 46.90Z);JOHANN TCHISSAMBOU-HENRY (TCHISSAMBOU) (SUSHI EXOTIQUE 24 CARATS);512007717;46.90Z;;2009;JOHANN BAUD MATTHIEU TCHISSAMBOU-HENRY (TCHISSAMBOU);SIRENE (recherche-entreprises.api.gouv.fr);À contacter;
178;C;Sacko Exotics;66 Avenue Des Champs Elysees;75008;Paris;;;;Grossiste non spécialisé (NAF 46.90Z);SACKO EXOTICS;943550780;46.90Z;;2025;FATOUMA SACKO;SIRENE (recherche-entreprises.api.gouv.fr);À contacter;
179;C;Senmal Exotic;3 B Rue De Budapest;75009;Paris;;;;Grossiste non spécialisé (NAF 46.90Z);SENMAL EXOTIC (SENMAL EXOTIC);753299189;46.90Z;;2012;;SIRENE (recherche-entreprises.api.gouv.fr);À contacter;
180;C;Afrique Distribution Transactions;32 Rue De Paradis;75010;Paris;;;;Grossiste non spécialisé (NAF 46.90Z);AFRIQUE DISTRIBUTION TRANSACTIONS;531692622;46.90Z;;2011;;SIRENE (recherche-entreprises.api.gouv.fr);À contacter;
181;C;Europe Afrique Distribution;203 Rue Saint-Maur;75010;Paris;;;;Grossiste non spécialisé (NAF 46.90Z);EUROPE AFRIQUE DISTRIBUTION (E A D);507497618;46.90Z;;2008;;SIRENE (recherche-entreprises.api.gouv.fr);À contacter;
182;C;Societe De Distribution De Produits Exotiques - Sdpe;Chez Sem 14 Rue Civiale;75010;Paris;;;;Grossiste non spécialisé (NAF 46.90Z);SOCIETE DE DISTRIBUTION DE PRODUITS EXOTIQUES - SDPE;399167493;46.90Z;;1994;;SIRENE (recherche-entreprises.api.gouv.fr);À contacter;
183;C;Porto Exotique;31 Rue De Reuilly;75012;Paris;;;;Grossiste non spécialisé (NAF 46.90Z);PORTO EXOTIQUE;920179231;46.90Z;;2022;PHILIPPE DOS SANTOS;SIRENE (recherche-entreprises.api.gouv.fr);À contacter;
184;C;Sas Mbeta Exotique;118 Rue Des Moines;75017;Paris;;;;Grossiste non spécialisé (NAF 46.90Z);SAS MBETA EXOTIQUE (SAS MBETA EXOTIQUE);100564418;46.90Z;;2026;ALPHONSINE DORETTE TCHOS ATCHOM;SIRENE (recherche-entreprises.api.gouv.fr);À contacter;
185;C;Tropical Distribution;32 Rue Gauthey;75017;Paris;;;;Grossiste non spécialisé (NAF 46.90Z);TROPICAL DISTRIBUTION;448547679;46.90Z;;2003;;SIRENE (recherche-entreprises.api.gouv.fr);À contacter;
186;C;Abidjan Services;55 Rue Du Simplon;75018;Paris;;;;Grossiste non spécialisé (NAF 46.90Z);ABIDJAN SERVICES;512252867;46.90Z;1-2;2009;SETOU DOUMBIA;SIRENE (recherche-entreprises.api.gouv.fr);À contacter;
187;C;Alliance Paris Dakar;5 Boulevard Barbes;75018;Paris;;;;Grossiste non spécialisé (NAF 46.90Z);ALLIANCE PARIS DAKAR;941818049;46.90Z;;2025;COUMBA DIOP;SIRENE (recherche-entreprises.api.gouv.fr);À contacter;
188;C;Dieudonne Exotique;53 Rue Des Poissonniers;75018;Paris;;;;Grossiste non spécialisé (NAF 46.90Z);DIEUDONNE EXOTIQUE;912457926;46.90Z;;2022;LUMBAKI MASIMUA;SIRENE (recherche-entreprises.api.gouv.fr);À contacter;
189;C;Elyop Exotique;26 Rue De La Chapelle;75018;Paris;;;;Grossiste non spécialisé (NAF 46.90Z);ELYOP EXOTIQUE;489708347;46.90Z;;2006;;SIRENE (recherche-entreprises.api.gouv.fr);À contacter;
190;C;Exotic Ngalena;7 Rue Henri Brisson;75018;Paris;;;;Grossiste non spécialisé (NAF 46.90Z);EXOTIC NGALENA;402949457;46.90Z;;1995;;SIRENE (recherche-entreprises.api.gouv.fr);À contacter;
191;C;Exotique Championnet;14 Rue Championnet;75018;Paris;;;;Grossiste non spécialisé (NAF 46.90Z);EXOTIQUE CHAMPIONNET;825165285;46.90Z;;2016;;SIRENE (recherche-entreprises.api.gouv.fr);À contacter;
192;C;Oumi Ivoire Distribution;149 Rue De L'Ourcq;75019;Paris;;;;Grossiste non spécialisé (NAF 46.90Z);OUMI IVOIRE DISTRIBUTION;940156797;46.90Z;;2025;HOUMOU DAFFE;SIRENE (recherche-entreprises.api.gouv.fr);À contacter;
193;C;Afro Exotique;43 Rue De La Reunion;75020;Paris;;;;Grossiste non spécialisé (NAF 46.90Z);AFRO EXOTIQUE;799539614;46.90Z;;2014;APOLLINE BEH;SIRENE (recherche-entreprises.api.gouv.fr);À contacter;
194;C;Brazza Exotique;Etg 4 Apt 43 Esc 1 46 Rue Lavoisier;77000;Melun;;;;Grossiste non spécialisé (NAF 46.90Z);BRAZZA EXOTIQUE;910677442;46.90Z;;2022;EUGENIE BEMBA (MASSAMBA);SIRENE (recherche-entreprises.api.gouv.fr);À contacter;
195;C;La Merveille Exotique;23 Rue Paul Valery;77680;Roissy-En-Brie;;;;Grossiste non spécialisé (NAF 46.90Z);LA MERVEILLE EXOTIQUE;479286692;46.90Z;;2004;;SIRENE (recherche-entreprises.api.gouv.fr);À contacter;
196;C;Exotique De L Avenue;9 Avenue De La Republique;78130;Les Mureaux;;;;Grossiste non spécialisé (NAF 46.90Z);EXOTIQUE DE L AVENUE (BEAUTY VILLAS);894231901;46.90Z;0;2021;ROMAN ANTON JUSTIN;SIRENE (recherche-entreprises.api.gouv.fr);À contacter;
197;C;Gap Exotic Products;2 Rue Jean Claude Mary;78300;Poissy;;;;Grossiste non spécialisé (NAF 46.90Z);GAP EXOTIC PRODUCTS;522880020;46.90Z;1-2;2010;AMEYO LAWOE WOMITSO (CADASSOU);SIRENE (recherche-entreprises.api.gouv.fr);À contacter;
198;C;Groupe Paris Dakar;21 Rue De L'Oree Du Bois;91150;Etampes;;;;Grossiste non spécialisé (NAF 46.90Z);GROUPE PARIS DAKAR;909732992;46.90Z;;2022;ADAMA DIONE;SIRENE (recherche-entreprises.api.gouv.fr);À contacter;
199;C;Kavi Exotic;113 Rue Pdt Francois Mitterrand;91160;Longjumeau;;;;Grossiste non spécialisé (NAF 46.90Z);KAVI EXOTIC (KAVI EXOTIC SARL);833651094;46.90Z;1-2;2017;PRABAKARAN SADATSARAM;SIRENE (recherche-entreprises.api.gouv.fr);À contacter;
200;C;Prod'exotic;52 Boulevard du Général de Gaulle;91210;Draveil;;;;Supermarché africain (NAF );;;;;;;SIRENE (recherche-entreprises.api.gouv.fr);À contacter;
201;C;SEP Exotique;3 Rue Pierre Semard;91260;Juvisy-sur-Orge;;;;Épicerie (NAF );;;;;;;SIRENE (recherche-entreprises.api.gouv.fr);À contacter;
202;C;Exotic Le Baron;56 Grande Rue;91290;Arpajon;;;;Grossiste non spécialisé (NAF 46.90Z);EXOTIC LE BARON (ELB);978726099;46.90Z;;2023;JONATHAN M'BOKOLO;SIRENE (recherche-entreprises.api.gouv.fr);À contacter;
203;C;Exotique Au Marche De Liberte;6 Avenue Menelotte;92700;Colombes;;;;Grossiste non spécialisé (NAF 46.90Z);EXOTIQUE AU MARCHE DE LIBERTE;898470877;46.90Z;;2021;MOSSA BONDO (EKOLI);SIRENE (recherche-entreprises.api.gouv.fr);À contacter;
204;C;Sofah Exotic;42 B Boulevard De La Muette;95140;Garges-Les-Gonesse;;;;Grossiste non spécialisé (NAF 46.90Z);SOFAH EXOTIC (SOFAH EXOTIC);988027249;46.90Z;;2025;THIERNO MAMOUDOU DIALLO;SIRENE (recherche-entreprises.api.gouv.fr);À contacter;
205;C;Global-Exotic;62 T Rue Eric De Martimprey;95300;Pontoise;;;;Grossiste non spécialisé (NAF 46.90Z);GLOBAL-EXOTIC;106297013;46.90Z;;2026;KONAN CHARLES KOUAKOU;SIRENE (recherche-entreprises.api.gouv.fr);À contacter;
206;C;Ganesha Exotiques;44 Avenue Pierre Semard;95400;Arnouville;;;;Grossiste non spécialisé (NAF 46.90Z);JAI TRADERS;484560875;46.90Z;;2005;;SIRENE (recherche-entreprises.api.gouv.fr);À contacter;
